cv_2,245,,Text,""
cv_3,261,,Text,""
cv_4,262,,Text,""
cv_5,1D6D,,Text,""
cv_6,1D9F,,Text,""
cv_7,25FB,,Text,""
cv_8,245,,Text,""
cv_9,245,,Text,""
cv_10,245,,Text,""
cv_11,245,,Text,""
cv_12,245,,Text,""
cv_13,261,,Text,""
cv_14,261,,Text,""
cv_15,262,,Text,""
cv_16,262,,Text,""
cv_17,262,,Text,""
cv_18,262,,Text,""
cv_19,262,,Text,""
cv_20,262,,Text,""
cv_21,1D6D,,Text,""
cv_22,1D9F,,Text,""
cv_23,1D9F,,Text,""
cv_24,1D9F,,Text,""
cv_25,25FB,,Text,""
cv_26,25FB,,Text,""
cv_27,25FB,,Text,""
cv_28,262,,Text,""
cv_30,EF9,,2dPolyline,""
cv_31,155E,,2dPolyline,""
cv_32,1605,,2dPolyline,""
cv_33,291,,Line,""
cv_34,293,,Line,""
cv_35,295,,Line,""
cv_36,297,,Line,""
cv_37,299,,Line,""
cv_38,29B,,Line,""
cv_39,29D,,Line,""
cv_40,29F,,Line,""
cv_41,2A1,,Line,""
cv_42,2A5,,Line,""
cv_43,2AF,,Line,""
cv_44,2B3,,Line,""
cv_45,2C1,,Line,""
cv_46,454,,Line,""
cv_47,456,,Line,""
cv_48,45A,,Line,""
cv_49,45E,,Line,""
cv_50,467,,Line,""
cv_51,46B,,Line,""
cv_52,46F,,Line,""
cv_53,4D5,,Line,""
cv_54,4D7,,Line,""
cv_55,4D9,,Line,""
cv_56,4EA,,Line,""
cv_57,4FE,,Line,""
cv_58,501,,Line,""
cv_59,50A,,Line,""
cv_60,50C,,Line,""
cv_61,552,,Line,""
cv_62,554,,Line,""
cv_63,556,,Line,""
cv_64,55D,,Line,""
cv_65,564,,Line,""
cv_66,56B,,Line,""
cv_67,56F,,Line,""
cv_68,579,,Line,""
cv_69,5C8,,Line,""
cv_70,5CA,,Line,""
cv_71,5CC,,Line,""
cv_72,5D0,,Line,""
cv_73,5D7,,Line,""
cv_74,5EC,,Line,""
cv_75,5F0,,Line,""
cv_76,634,,Line,""
cv_77,637,,Line,""
cv_78,63A,,Line,""
cv_79,640,,Line,""
cv_80,64C,,Line,""
cv_81,650,,Line,""
cv_82,6A4,,Line,""
cv_83,6A5,,Line,""
cv_84,6A6,,Line,""
cv_85,6A8,,Line,""
cv_86,6AA,,Line,""
cv_87,6B1,,Line,""
cv_88,6B2,,Line,""
cv_89,6B3,,Line,""
cv_90,6B4,,Line,""
cv_91,6C2,,Line,""
cv_92,6CB,,Line,""
cv_93,6EE,,Line,""
cv_94,6F1,,Line,""
cv_95,6F5,,Line,""
cv_96,6FD,,Line,""
cv_97,706,,Line,""
cv_98,708,,Line,""
cv_99,741,,Line,""
cv_100,744,,Line,""
cv_101,7B7,,Line,""
cv_102,7B9,,Line,""
cv_103,7BB,,Line,""
cv_104,7BD,,Line,""
cv_105,7BF,,Line,""
cv_106,7C1,,Line,""
cv_107,7C3,,Line,""
cv_108,7C5,,Line,""
cv_109,7C7,,Line,""
cv_110,7C9,,Line,""
cv_111,7CB,,Line,""
cv_112,7CD,,Line,""
cv_113,7CF,,Line,""
cv_114,7D1,,Line,""
cv_115,7D3,,Line,""
cv_116,7D5,,Line,""
cv_117,7E2,,Line,""
cv_118,7E6,,Line,""
cv_119,7F0,,Line,""
cv_120,7F2,,Line,""
cv_121,7FD,,Line,""
cv_122,7FE,,Line,""
cv_123,7FF,,Line,""
cv_124,800,,Line,""
cv_125,801,,Line,""
cv_126,802,,Line,""
cv_127,804,,Line,""
cv_128,806,,Line,""
cv_129,808,,Line,""
cv_130,B5B,,Line,""
cv_131,B5C,,Line,""
cv_132,B5D,,Line,""
cv_133,B5E,,Line,""
cv_134,B5F,,Line,""
cv_135,B61,,Line,""
cv_136,C07,,Line,""
cv_137,C08,,Line,""
cv_138,C09,,Line,""
cv_139,C0A,,Line,""
cv_140,C0B,,Line,""
cv_141,C0C,,Line,""
cv_142,D2F,,Line,""
cv_143,D30,,Line,""
cv_144,D57,,Line,""
cv_145,D58,,Line,""
cv_146,D59,,Line,""
cv_147,D76,,Line,""
cv_148,D77,,Line,""
cv_149,D78,,Line,""
cv_150,D79,,Line,""
cv_151,D7A,,Line,""
cv_152,D7B,,Line,""
cv_153,D7C,,Line,""
cv_154,D7D,,Line,""
cv_155,D81,,Line,""
cv_156,D82,,Line,""
cv_157,D83,,Line,""
cv_158,D84,,Line,""
cv_159,D8B,,Line,""
cv_160,DB6,,Line,""
cv_161,DC2,,Line,""
cv_162,DCE,,Line,""
cv_163,DD2,,Line,""
cv_164,DED,,Line,""
cv_165,DF6,,Line,""
cv_166,E03,,Line,""
cv_167,E07,,Line,""
cv_168,E1B,,Line,""
cv_169,E21,,Line,""
cv_170,E32,,Line,""
cv_171,E36,,Line,""
cv_172,E3A,,Line,""
cv_173,E3E,,Line,""
cv_174,E42,,Line,""
cv_175,EE3,,Line,""
cv_176,EE7,,Line,""
cv_177,EEA,,Line,""
cv_178,EEB,,Line,""
cv_179,FBF,,Line,""
cv_180,FC3,,Line,""
cv_181,FC7,,Line,""
cv_182,FCB,,Line,""
cv_183,183A,,Line,""
cv_184,18C5,,Line,""
cv_185,1DA5,,Line,""
cv_186,1DA9,,Line,""
cv_187,1DBF,,Line,""
cv_188,1DC1,,Line,""
cv_189,1DC3,,Line,""
cv_190,2074,,Line,""
cv_191,2A8D,,Line,""
cv_192,4C4,,Arc,""
cv_193,5B3,,Arc,""
cv_194,5B5,,Arc,""
cv_195,5B7,,Arc,""
cv_196,5B8,,Arc,""
cv_197,5B9,,Arc,""
cv_198,5BA,,Arc,""
cv_199,673,,Arc,""
cv_200,674,,Arc,""
cv_201,675,,Arc,""
cv_202,676,,Arc,""
cv_203,6AF,,Arc,""
cv_204,6B0,,Arc,""
cv_205,736,,Arc,""
cv_206,737,,Arc,""
cv_207,745,,Arc,""
cv_208,746,,Arc,""
cv_209,EDA,,Arc,""
cv_210,EDD,,Arc,""
cv_211,EEC,,Arc,""
cv_212,EED,,Arc,""
cv_213,1861,,Arc,""
cv_214,1862,,Arc,""
cv_215,1E19,,Arc,""
cv_216,1E1A,,Arc,""
cv_217,4B8,,Circle,""
cv_218,4BB,,Circle,""
cv_219,4C7,,Circle,""
cv_220,B2D,,Circle,""
cv_221,B30,,Circle,""
cv_222,B33,,Circle,""
cv_223,DBA,,Circle,""
cv_224,DC6,,Circle,""
cv_225,1C8B,,Circle,""
cv_226,1C8D,,Circle,""
cv_227,1CA0,,Circle,""
cv_228,1CA1,,Circle,""
cv_229,1CA3,,Circle,""
cv_230,1CA5,,Circle,""
cv_231,1CA7,,Circle,""
cv_232,1CA9,,Circle,""
cv_233,1CAB,,Circle,""
cv_234,1CAD,,Circle,""
cv_235,FCD,,Text,""
cv_236,1564,,Text,""
cv_237,1602,,Text,""
cv_238,2AE0,,MText,""
cv_239,2AF2,,Text,""
cv_240,2AF6,,MText,""
cv_244,3B,BC,Line,"NQ_2D_A1_1"
cv_245,3E,BC,Line,"NQ_2D_A1_1"
cv_246,3F,BC,Line,"NQ_2D_A1_1"
cv_247,40,BC,Line,"NQ_2D_A1_1"
cv_248,87,BC,Line,"NQ_2D_A1_1"
cv_249,88,BC,Line,"NQ_2D_A1_1"
cv_250,89,BC,Line,"NQ_2D_A1_1"
cv_251,8A,BC,Line,"NQ_2D_A1_1"
cv_252,8B,BC,Line,"NQ_2D_A1_1"
cv_253,8C,BC,Line,"NQ_2D_A1_1"
cv_254,37,BC,Text,"NQ_2D_A1_1"
cv_255,51,BC,Text,"NQ_2D_A1_1"
cv_256,52,BC,Text,"NQ_2D_A1_1"
cv_257,53,BC,Text,"NQ_2D_A1_1"
cv_258,54,BC,Text,"NQ_2D_A1_1"
cv_259,55,BC,Text,"NQ_2D_A1_1"
cv_260,56,BC,Text,"NQ_2D_A1_1"
cv_261,57,BC,Text,"NQ_2D_A1_1"
cv_262,59,BC,Text,"NQ_2D_A1_1"
cv_263,5A,BC,Text,"NQ_2D_A1_1"
cv_264,5D,BC,Text,"NQ_2D_A1_1"
cv_265,5E,BC,Text,"NQ_2D_A1_1"
cv_266,60,BC,Text,"NQ_2D_A1_1"
cv_267,62,BC,Text,"NQ_2D_A1_1"
cv_268,64,BC,Text,"NQ_2D_A1_1"
cv_269,65,BC,Text,"NQ_2D_A1_1"
cv_270,66,BC,Text,"NQ_2D_A1_1"
cv_271,67,BC,Text,"NQ_2D_A1_1"
cv_272,68,BC,Text,"NQ_2D_A1_1"
cv_273,69,BC,Text,"NQ_2D_A1_1"
cv_274,6A,BC,Text,"NQ_2D_A1_1"
cv_275,6B,BC,Text,"NQ_2D_A1_1"
cv_276,6C,BC,Text,"NQ_2D_A1_1"
cv_277,6D,BC,Text,"NQ_2D_A1_1"
cv_278,6E,BC,Text,"NQ_2D_A1_1"
cv_279,6F,BC,Text,"NQ_2D_A1_1"
cv_280,70,BC,Text,"NQ_2D_A1_1"
cv_281,73,BC,Text,"NQ_2D_A1_1"
cv_282,74,BC,Text,"NQ_2D_A1_1"
cv_283,77,BC,Text,"NQ_2D_A1_1"
cv_284,79,BC,Text,"NQ_2D_A1_1"
cv_285,7B,BC,Text,"NQ_2D_A1_1"
cv_286,7C,BC,Text,"NQ_2D_A1_1"
cv_287,7E,BC,Text,"NQ_2D_A1_1"
cv_288,80,BC,Text,"NQ_2D_A1_1"
cv_289,82,BC,Text,"NQ_2D_A1_1"
cv_290,84,BC,Text,"NQ_2D_A1_1"
cv_291,86,BC,Text,"NQ_2D_A1_1"
cv_292,B4,BC,Text,"NQ_2D_A1_1"
cv_294,179,218,Line,"NQ_2D_TITLE_2"
cv_295,17A,218,Line,"NQ_2D_TITLE_2"
cv_296,17B,218,Line,"NQ_2D_TITLE_2"
cv_297,188,218,Line,"NQ_2D_TITLE_2"
cv_299,CE,218,Line,"NQ_2D_TITLE_2"
cv_300,CF,218,Line,"NQ_2D_TITLE_2"
cv_301,D0,218,Line,"NQ_2D_TITLE_2"
cv_302,D1,218,Line,"NQ_2D_TITLE_2"
cv_303,D2,218,Line,"NQ_2D_TITLE_2"
cv_304,D3,218,Line,"NQ_2D_TITLE_2"
cv_305,D4,218,Line,"NQ_2D_TITLE_2"
cv_306,D5,218,Line,"NQ_2D_TITLE_2"
cv_307,D6,218,Line,"NQ_2D_TITLE_2"
cv_308,D7,218,Line,"NQ_2D_TITLE_2"
cv_309,D8,218,Line,"NQ_2D_TITLE_2"
cv_310,D9,218,Line,"NQ_2D_TITLE_2"
cv_311,DA,218,Line,"NQ_2D_TITLE_2"
cv_312,DB,218,Line,"NQ_2D_TITLE_2"
cv_313,DC,218,Line,"NQ_2D_TITLE_2"
cv_314,DD,218,Line,"NQ_2D_TITLE_2"
cv_315,DE,218,Line,"NQ_2D_TITLE_2"
cv_316,DF,218,Line,"NQ_2D_TITLE_2"
cv_317,E0,218,Line,"NQ_2D_TITLE_2"
cv_318,E1,218,Line,"NQ_2D_TITLE_2"
cv_319,E2,218,Line,"NQ_2D_TITLE_2"
cv_320,E3,218,Line,"NQ_2D_TITLE_2"
cv_321,E4,218,Line,"NQ_2D_TITLE_2"
cv_322,E5,218,Line,"NQ_2D_TITLE_2"
cv_323,E6,218,Line,"NQ_2D_TITLE_2"
cv_324,E7,218,Line,"NQ_2D_TITLE_2"
cv_325,E8,218,Line,"NQ_2D_TITLE_2"
cv_326,E9,218,Line,"NQ_2D_TITLE_2"
cv_327,EA,218,Line,"NQ_2D_TITLE_2"
cv_328,EB,218,Line,"NQ_2D_TITLE_2"
cv_329,EC,218,Line,"NQ_2D_TITLE_2"
cv_330,ED,218,Line,"NQ_2D_TITLE_2"
cv_331,EE,218,Line,"NQ_2D_TITLE_2"
cv_332,EF,218,Line,"NQ_2D_TITLE_2"
cv_333,F0,218,Line,"NQ_2D_TITLE_2"
cv_334,F1,218,Line,"NQ_2D_TITLE_2"
cv_335,F2,218,Line,"NQ_2D_TITLE_2"
cv_336,F3,218,Line,"NQ_2D_TITLE_2"
cv_337,F4,218,Line,"NQ_2D_TITLE_2"
cv_338,F5,218,Line,"NQ_2D_TITLE_2"
cv_339,F6,218,Line,"NQ_2D_TITLE_2"
cv_340,F7,218,Line,"NQ_2D_TITLE_2"
cv_341,F8,218,Line,"NQ_2D_TITLE_2"
cv_342,F9,218,Line,"NQ_2D_TITLE_2"
cv_343,FA,218,Line,"NQ_2D_TITLE_2"
cv_344,FB,218,Line,"NQ_2D_TITLE_2"
cv_345,FC,218,Line,"NQ_2D_TITLE_2"
cv_346,FD,218,Line,"NQ_2D_TITLE_2"
cv_347,FE,218,Line,"NQ_2D_TITLE_2"
cv_348,FF,218,Line,"NQ_2D_TITLE_2"
cv_349,100,218,Line,"NQ_2D_TITLE_2"
cv_350,101,218,Line,"NQ_2D_TITLE_2"
cv_351,102,218,Line,"NQ_2D_TITLE_2"
cv_352,103,218,Line,"NQ_2D_TITLE_2"
cv_353,104,218,Line,"NQ_2D_TITLE_2"
cv_354,105,218,Line,"NQ_2D_TITLE_2"
cv_355,106,218,Line,"NQ_2D_TITLE_2"
cv_356,107,218,Line,"NQ_2D_TITLE_2"
cv_357,108,218,Line,"NQ_2D_TITLE_2"
cv_358,109,218,Line,"NQ_2D_TITLE_2"
cv_359,10A,218,Line,"NQ_2D_TITLE_2"
cv_360,10B,218,Line,"NQ_2D_TITLE_2"
cv_361,10C,218,Line,"NQ_2D_TITLE_2"
cv_362,110,218,Line,"NQ_2D_TITLE_2"
cv_363,111,218,Line,"NQ_2D_TITLE_2"
cv_364,112,218,Line,"NQ_2D_TITLE_2"
cv_365,113,218,Line,"NQ_2D_TITLE_2"
cv_366,114,218,Line,"NQ_2D_TITLE_2"
cv_367,115,218,Line,"NQ_2D_TITLE_2"
cv_368,116,218,Line,"NQ_2D_TITLE_2"
cv_369,117,218,Line,"NQ_2D_TITLE_2"
cv_370,118,218,Line,"NQ_2D_TITLE_2"
cv_371,119,218,Line,"NQ_2D_TITLE_2"
cv_372,11A,218,Line,"NQ_2D_TITLE_2"
cv_373,11B,218,Line,"NQ_2D_TITLE_2"
cv_374,11C,218,Line,"NQ_2D_TITLE_2"
cv_375,11D,218,Line,"NQ_2D_TITLE_2"
cv_376,11E,218,Line,"NQ_2D_TITLE_2"
cv_377,11F,218,Line,"NQ_2D_TITLE_2"
cv_378,120,218,Line,"NQ_2D_TITLE_2"
cv_379,121,218,Line,"NQ_2D_TITLE_2"
cv_380,122,218,Line,"NQ_2D_TITLE_2"
cv_381,123,218,Line,"NQ_2D_TITLE_2"
cv_382,124,218,Line,"NQ_2D_TITLE_2"
cv_383,125,218,Line,"NQ_2D_TITLE_2"
cv_384,126,218,Line,"NQ_2D_TITLE_2"
cv_385,127,218,Line,"NQ_2D_TITLE_2"
cv_386,128,218,Line,"NQ_2D_TITLE_2"
cv_387,129,218,Line,"NQ_2D_TITLE_2"
cv_388,12A,218,Line,"NQ_2D_TITLE_2"
cv_389,12B,218,Line,"NQ_2D_TITLE_2"
cv_390,12C,218,Line,"NQ_2D_TITLE_2"
cv_391,12D,218,Line,"NQ_2D_TITLE_2"
cv_392,12E,218,Line,"NQ_2D_TITLE_2"
cv_393,12F,218,Line,"NQ_2D_TITLE_2"
cv_394,130,218,Line,"NQ_2D_TITLE_2"
cv_395,131,218,Line,"NQ_2D_TITLE_2"
cv_396,132,218,Line,"NQ_2D_TITLE_2"
cv_397,133,218,Line,"NQ_2D_TITLE_2"
cv_398,134,218,Line,"NQ_2D_TITLE_2"
cv_399,135,218,Line,"NQ_2D_TITLE_2"
cv_400,136,218,Line,"NQ_2D_TITLE_2"
cv_401,137,218,Line,"NQ_2D_TITLE_2"
cv_402,138,218,Line,"NQ_2D_TITLE_2"
cv_403,139,218,Line,"NQ_2D_TITLE_2"
cv_404,13A,218,Line,"NQ_2D_TITLE_2"
cv_405,13B,218,Line,"NQ_2D_TITLE_2"
cv_406,13C,218,Line,"NQ_2D_TITLE_2"
cv_407,13D,218,Line,"NQ_2D_TITLE_2"
cv_408,13E,218,Line,"NQ_2D_TITLE_2"
cv_409,13F,218,Line,"NQ_2D_TITLE_2"
cv_410,140,218,Line,"NQ_2D_TITLE_2"
cv_411,141,218,Line,"NQ_2D_TITLE_2"
cv_412,142,218,Line,"NQ_2D_TITLE_2"
cv_413,143,218,Line,"NQ_2D_TITLE_2"
cv_414,144,218,Line,"NQ_2D_TITLE_2"
cv_415,145,218,Line,"NQ_2D_TITLE_2"
cv_416,146,218,Line,"NQ_2D_TITLE_2"
cv_417,147,218,Line,"NQ_2D_TITLE_2"
cv_418,148,218,Line,"NQ_2D_TITLE_2"
cv_419,149,218,Line,"NQ_2D_TITLE_2"
cv_420,14A,218,Line,"NQ_2D_TITLE_2"
cv_421,14B,218,Line,"NQ_2D_TITLE_2"
cv_422,14C,218,Line,"NQ_2D_TITLE_2"
cv_423,14D,218,Line,"NQ_2D_TITLE_2"
cv_424,14E,218,Line,"NQ_2D_TITLE_2"
cv_425,14F,218,Line,"NQ_2D_TITLE_2"
cv_426,150,218,Line,"NQ_2D_TITLE_2"
cv_427,151,218,Line,"NQ_2D_TITLE_2"
cv_428,152,218,Line,"NQ_2D_TITLE_2"
cv_429,153,218,Line,"NQ_2D_TITLE_2"
cv_430,154,218,Line,"NQ_2D_TITLE_2"
cv_431,155,218,Line,"NQ_2D_TITLE_2"
cv_432,156,218,Line,"NQ_2D_TITLE_2"
cv_433,15A,218,Line,"NQ_2D_TITLE_2"
cv_434,15B,218,Line,"NQ_2D_TITLE_2"
cv_435,15C,218,Line,"NQ_2D_TITLE_2"
cv_436,15D,218,Line,"NQ_2D_TITLE_2"
cv_437,15E,218,Line,"NQ_2D_TITLE_2"
cv_438,15F,218,Line,"NQ_2D_TITLE_2"
cv_439,160,218,Line,"NQ_2D_TITLE_2"
cv_440,161,218,Line,"NQ_2D_TITLE_2"
cv_442,276,,Line,""
cv_443,2FD,,Line,""
cv_444,4B2,,Line,""
cv_445,4B5,,Line,""
cv_446,B26,,Line,""
cv_447,B27,,Line,""
cv_448,B28,,Line,""
cv_449,B29,,Line,""
cv_450,B43,,Line,""
cv_451,B46,,Line,""
cv_452,B49,,Line,""
cv_453,B4C,,Line,""
cv_454,D74,,Line,""
cv_455,1467,,Line,""
cv_456,1C99,,Line,""
cv_457,1C9C,,Line,""
cv_458,1CA2,,Line,""
cv_459,1CA4,,Line,""
cv_460,1CA8,,Line,""
cv_461,1CAA,,Line,""
cv_462,1CAC,,Line,""
cv_463,1CAE,,Line,""
cv_464,1CD1,,Line,""
cv_465,2A27,,Line,""
cv_466,2AAF,,Line,""
cv_467,1CCA,,Arc,""
cv_471,638,,Line,""
cv_472,654,,Line,""
cv_473,6A9,,Line,""
cv_474,6F0,,Line,""
cv_475,DD8,,Line,""
cv_476,DDA,,Line,""
cv_477,EE0,,Line,""
cv_478,EEE,,Line,""
cv_479,23C2,,Line,""
cv_480,247D,,Line,""
cv_484,185C,,Solid,""
cv_485,18A7,,Solid,""
cv_487,874,,2dPolyline,""
cv_488,6EF,,Line,""
cv_489,6F2,,Line,""
cv_490,185D,,Line,""
cv_491,185E,,Line,""
cv_492,18A6,,Line,""
cv_493,18A8,,Line,""
cv_497,1D5,218,2dPolyline,"NQ_2D_TITLE_3"
cv_498,1E4,218,2dPolyline,"NQ_2D_TITLE_3"
cv_499,21D,218,Attribute,"NQ_2D_TITLE_3"
cv_500,21E,218,Attribute,"NQ_2D_TITLE_3"
cv_501,21F,218,Attribute,"NQ_2D_TITLE_3"
cv_502,220,218,Attribute,"NQ_2D_TITLE_3"
cv_503,221,218,Attribute,"NQ_2D_TITLE_3"
cv_504,222,218,Attribute,"NQ_2D_TITLE_3"
cv_505,224,218,Attribute,"NQ_2D_TITLE_3"
cv_506,225,218,Attribute,"NQ_2D_TITLE_3"
cv_507,226,218,Attribute,"NQ_2D_TITLE_3"
cv_508,227,218,Attribute,"NQ_2D_TITLE_3"
cv_509,228,218,Attribute,"NQ_2D_TITLE_3"
cv_510,22A,218,Attribute,"NQ_2D_TITLE_3"
cv_511,1CC,218,Line,"NQ_2D_TITLE_3"
cv_512,1D4,218,Line,"NQ_2D_TITLE_3"
cv_513,1DD,218,Line,"NQ_2D_TITLE_3"
cv_514,1DE,218,Line,"NQ_2D_TITLE_3"
cv_515,1DF,218,Line,"NQ_2D_TITLE_3"
cv_516,1E1,218,Line,"NQ_2D_TITLE_3"
cv_517,1E2,218,Line,"NQ_2D_TITLE_3"
cv_518,1EE,218,2dPolyline,"NQ_2D_TITLE_3"
cv_519,1F2,218,2dPolyline,"NQ_2D_TITLE_3"
cv_520,1FF,218,Line,"NQ_2D_TITLE_3"
cv_521,21E,218,Attribute,"NQ_2D_TITLE_3"
cv_522,21E,218,Attribute,"NQ_2D_TITLE_3"
cv_523,21E,218,Attribute,"NQ_2D_TITLE_3"
cv_524,220,218,Attribute,"NQ_2D_TITLE_3"
cv_525,220,218,Attribute,"NQ_2D_TITLE_3"
cv_526,220,218,Attribute,"NQ_2D_TITLE_3"
cv_527,220,218,Attribute,"NQ_2D_TITLE_3"
cv_528,220,218,Attribute,"NQ_2D_TITLE_3"
cv_529,220,218,Attribute,"NQ_2D_TITLE_3"
cv_530,220,218,Attribute,"NQ_2D_TITLE_3"
cv_531,220,218,Attribute,"NQ_2D_TITLE_3"
cv_532,220,218,Attribute,"NQ_2D_TITLE_3"
cv_533,220,218,Attribute,"NQ_2D_TITLE_3"
cv_534,220,218,Attribute,"NQ_2D_TITLE_3"
cv_535,220,218,Attribute,"NQ_2D_TITLE_3"
cv_536,220,218,Attribute,"NQ_2D_TITLE_3"
cv_537,220,218,Attribute,"NQ_2D_TITLE_3"
cv_538,220,218,Attribute,"NQ_2D_TITLE_3"
cv_539,220,218,Attribute,"NQ_2D_TITLE_3"
cv_540,220,218,Attribute,"NQ_2D_TITLE_3"
cv_541,220,218,Attribute,"NQ_2D_TITLE_3"
cv_542,221,218,Attribute,"NQ_2D_TITLE_3"
cv_543,221,218,Attribute,"NQ_2D_TITLE_3"
cv_544,221,218,Attribute,"NQ_2D_TITLE_3"
cv_545,221,218,Attribute,"NQ_2D_TITLE_3"
cv_546,224,218,Attribute,"NQ_2D_TITLE_3"
cv_547,225,218,Attribute,"NQ_2D_TITLE_3"
cv_548,226,218,Attribute,"NQ_2D_TITLE_3"
cv_549,227,218,Attribute,"NQ_2D_TITLE_3"
cv_550,228,218,Attribute,"NQ_2D_TITLE_3"
cv_551,22A,218,Attribute,"NQ_2D_TITLE_3"
cv_552,22A,218,Attribute,"NQ_2D_TITLE_3"
cv_553,22A,218,Attribute,"NQ_2D_TITLE_3"
cv_554,1C8,218,Arc,"NQ_2D_TITLE_3"
cv_555,1C9,218,Arc,"NQ_2D_TITLE_3"
cv_556,1CA,218,Arc,"NQ_2D_TITLE_3"
cv_557,1CB,218,Arc,"NQ_2D_TITLE_3"
cv_558,1CE,218,Arc,"NQ_2D_TITLE_3"
cv_559,1D0,218,Arc,"NQ_2D_TITLE_3"
cv_560,1D1,218,Arc,"NQ_2D_TITLE_3"
cv_561,1D2,218,Arc,"NQ_2D_TITLE_3"
cv_562,1D3,218,Arc,"NQ_2D_TITLE_3"
cv_563,1E0,218,Arc,"NQ_2D_TITLE_3"
cv_564,1E3,218,Arc,"NQ_2D_TITLE_3"
cv_566,2E0D,,Solid,""
cv_567,2E0E,,Solid,""
cv_568,2E18,,Solid,""
cv_569,2E19,,Solid,""
cv_570,2E22,,Solid,""
cv_571,2E23,,Solid,""
cv_572,2E29,,Solid,""
cv_573,2E2A,,Solid,""
cv_574,2E2F,,Solid,""
cv_575,2E30,,Solid,""
cv_576,2E39,,Solid,""
cv_577,2E3A,,Solid,""
cv_578,2E42,,Solid,""
cv_579,2E43,,Solid,""
cv_580,2E4B,,Solid,""
cv_581,2E4C,,Solid,""
cv_582,2E54,,Solid,""
cv_583,2E5A,,Solid,""
cv_584,2E5B,,Solid,""
cv_585,2E63,,Solid,""
cv_586,2E64,,Solid,""
cv_587,2E6C,,Solid,""
cv_588,2E6D,,Solid,""
cv_589,2E75,,Solid,""
cv_590,2E76,,Solid,""
cv_591,2E7E,,Solid,""
cv_592,2E7F,,Solid,""
cv_593,2E87,,Solid,""
cv_594,2E88,,Solid,""
cv_595,2E93,,Solid,""
cv_596,2E94,,Solid,""
cv_597,2E9A,,Solid,""
cv_598,2E9B,,Solid,""
cv_599,2EA3,,Solid,""
cv_600,2EA4,,Solid,""
cv_601,2EAF,,Solid,""
cv_602,2EB0,,Solid,""
cv_603,2EB7,,Solid,""
cv_604,2EB8,,Solid,""
cv_605,2EC3,,Solid,""
cv_606,2EC4,,Solid,""
cv_607,2ECB,,Solid,""
cv_608,2ECC,,Solid,""
cv_609,2ED4,,Solid,""
cv_610,2ED5,,Solid,""
cv_611,2EDF,,Solid,""
cv_612,2EE0,,Solid,""
cv_613,2EE8,,Solid,""
cv_614,2EE9,,Solid,""
cv_615,2EF3,,Solid,""
cv_616,2EF4,,Solid,""
cv_617,2EFD,,Solid,""
cv_618,2EFE,,Solid,""
cv_619,2F07,,Solid,""
cv_620,2F0E,,Solid,""
cv_621,2F15,,Solid,""
cv_622,2F1C,,Solid,""
cv_623,2F23,,Solid,""
cv_624,19BE,,Solid,""
cv_625,2F29,,Solid,""
cv_626,2F2A,,Solid,""
cv_627,2F32,,Solid,""
cv_628,2F33,,Solid,""
cv_629,2F3B,,Solid,""
cv_630,2F3C,,Solid,""
cv_631,2F44,,Solid,""
cv_632,2F45,,Solid,""
cv_633,2F4D,,Solid,""
cv_634,2F4E,,Solid,""
cv_635,2F58,,Solid,""
cv_636,2F59,,Solid,""
cv_637,2F61,,Solid,""
cv_638,2F62,,Solid,""
cv_639,2F6A,,Solid,""
cv_640,2F6B,,Solid,""
cv_641,2F71,,Solid,""
cv_642,2F72,,Solid,""
cv_643,2F7C,,Solid,""
cv_644,2F7D,,Solid,""
cv_645,2F83,,Solid,""
cv_646,2F84,,Solid,""
cv_647,2F8D,,Solid,""
cv_648,2F8E,,Solid,""
cv_649,2F96,,Solid,""
cv_650,2F97,,Solid,""
cv_651,2FA0,,Solid,""
cv_652,2FA8,,Solid,""
cv_653,2FB4,,Solid,""
cv_654,2FBF,,Solid,""
cv_655,2FCB,,Solid,""
cv_656,2FD2,,Solid,""
cv_657,2FD3,,Solid,""
cv_658,2FDD,,Solid,""
cv_659,2FDE,,Solid,""
cv_660,2FE5,,Solid,""
cv_661,2FE6,,Solid,""
cv_662,2FEE,,Solid,""
cv_663,2FEF,,Solid,""
cv_664,2FF7,,Solid,""
cv_665,2FF8,,Solid,""
cv_666,3000,,Solid,""
cv_667,3001,,Solid,""
cv_668,300B,,Solid,""
cv_669,3017,,Solid,""
cv_670,3021,,Solid,""
cv_671,3022,,Solid,""
cv_672,302A,,Solid,""
cv_673,302B,,Solid,""
cv_674,25F5,,Solid,""
cv_675,25F6,,Solid,""
cv_676,2ADE,,Solid,""
cv_677,2ADF,,Solid,""
cv_678,2AEA,,Solid,""
cv_679,2AEB,,Solid,""
cv_680,2AF4,,Solid,""
cv_681,2AF5,,Solid,""
cv_683,757,,2dPolyline,""
cv_684,760,,2dPolyline,""
cv_685,766,,2dPolyline,""
cv_686,76C,,2dPolyline,""
cv_687,772,,2dPolyline,""
cv_688,778,,2dPolyline,""
cv_689,77E,,2dPolyline,""
cv_690,784,,2dPolyline,""
cv_691,162D,,2dPolyline,""
cv_692,16A1,,2dPolyline,""
cv_693,16A6,,2dPolyline,""
cv_694,1BB3,,2dPolyline,""
cv_695,1BEF,,2dPolyline,""
cv_696,1C75,,2dPolyline,""
cv_697,2A1A,,2dPolyline,""
cv_698,2E07,,Line,""
cv_699,2E08,,Line,""
cv_700,2E09,,Line,""
cv_701,2E0A,,Line,""
cv_702,2E0C,,Line,""
cv_703,2E12,,Line,""
cv_704,2E13,,Line,""
cv_705,2E14,,Line,""
cv_706,2E15,,Line,""
cv_707,2E17,,Line,""
cv_708,2E1D,,Line,""
cv_709,2E1E,,Line,""
cv_710,2E1F,,Line,""
cv_711,2E20,,Line,""
cv_712,2E21,,Line,""
cv_713,2E28,,Line,""
cv_714,2E2E,,Line,""
cv_715,2E34,,Line,""
cv_716,2E35,,Line,""
cv_717,2E36,,Line,""
cv_718,2E37,,Line,""
cv_719,2E38,,Line,""
cv_720,2E3F,,Line,""
cv_721,2E40,,Line,""
cv_722,2E41,,Line,""
cv_723,2E48,,Line,""
cv_724,2E49,,Line,""
cv_725,2E4A,,Line,""
cv_726,2E51,,Line,""
cv_727,2E53,,Line,""
cv_728,2E57,,Line,""
cv_729,2E58,,Line,""
cv_730,2E59,,Line,""
cv_731,2E60,,Line,""
cv_732,2E61,,Line,""
cv_733,2E62,,Line,""
cv_734,2E69,,Line,""
cv_735,2E6A,,Line,""
cv_736,2E6B,,Line,""
cv_737,2E72,,Line,""
cv_738,2E73,,Line,""
cv_739,2E74,,Line,""
cv_740,2E7B,,Line,""
cv_741,2E7C,,Line,""
cv_742,2E7D,,Line,""
cv_743,2E84,,Line,""
cv_744,2E85,,Line,""
cv_745,2E86,,Line,""
cv_746,2E8D,,Line,""
cv_747,2E8E,,Line,""
cv_748,2E8F,,Line,""
cv_749,2E90,,Line,""
cv_750,2E92,,Line,""
cv_751,2E98,,Line,""
cv_752,2E99,,Line,""
cv_753,2EA0,,Line,""
cv_754,2EA1,,Line,""
cv_755,2EA2,,Line,""
cv_756,2EAA,,Line,""
cv_757,2EAB,,Line,""
cv_758,2EAC,,Line,""
cv_759,2EAE,,Line,""
cv_760,2EB4,,Line,""
cv_761,2EB5,,Line,""
cv_762,2EB6,,Line,""
cv_763,2EBD,,Line,""
cv_764,2EBE,,Line,""
cv_765,2EBF,,Line,""
cv_766,2EC0,,Line,""
cv_767,2EC2,,Line,""
cv_768,2EC8,,Line,""
cv_769,2EC9,,Line,""
cv_770,2ECA,,Line,""
cv_771,2ED1,,Line,""
cv_772,2ED2,,Line,""
cv_773,2ED3,,Line,""
cv_774,1621,,Line,""
cv_775,1627,,Line,""
cv_776,2EDA,,Line,""
cv_777,2EDB,,Line,""
cv_778,2EDC,,Line,""
cv_779,2EDD,,Line,""
cv_780,2EDE,,Line,""
cv_781,2EE6,,Line,""
cv_782,2EE7,,Line,""
cv_783,2EEE,,Line,""
cv_784,2EEF,,Line,""
cv_785,2EF0,,Line,""
cv_786,2EF1,,Line,""
cv_787,2EF2,,Line,""
cv_788,179F,,Line,""
cv_789,2EF9,,Line,""
cv_790,2EFA,,Line,""
cv_791,2EFB,,Line,""
cv_792,2EFC,,Line,""
cv_793,2F03,,Line,""
cv_794,2F04,,Line,""
cv_795,2F06,,Line,""
cv_796,2F0A,,Line,""
cv_797,2F0B,,Line,""
cv_798,2F0D,,Line,""
cv_799,2F11,,Line,""
cv_800,2F12,,Line,""
cv_801,2F14,,Line,""
cv_802,2F18,,Line,""
cv_803,2F19,,Line,""
cv_804,2F1B,,Line,""
cv_805,2F1F,,Line,""
cv_806,2F20,,Line,""
cv_807,2F22,,Line,""
cv_808,19BC,,Line,""
cv_809,19BD,,Line,""
cv_810,2F26,,Line,""
cv_811,2F27,,Line,""
cv_812,2F28,,Line,""
cv_813,2F2F,,Line,""
cv_814,2F30,,Line,""
cv_815,2F31,,Line,""
cv_816,2F38,,Line,""
cv_817,2F39,,Line,""
cv_818,2F3A,,Line,""
cv_819,2F41,,Line,""
cv_820,2F42,,Line,""
cv_821,2F43,,Line,""
cv_822,2F4A,,Line,""
cv_823,2F4B,,Line,""
cv_824,2F4C,,Line,""
cv_825,1C5A,,Line,""
cv_826,1C5E,,Line,""
cv_827,1C60,,Line,""
cv_828,2F53,,Line,""
cv_829,2F54,,Line,""
cv_830,2F55,,Line,""
cv_831,2F57,,Line,""
cv_832,2F5C,,Line,""
cv_833,2F5D,,Line,""
cv_834,2F5E,,Line,""
cv_835,2F60,,Line,""
cv_836,2F65,,Line,""
cv_837,2F66,,Line,""
cv_838,2F67,,Line,""
cv_839,2F69,,Line,""
cv_840,2F6E,,Line,""
cv_841,2F6F,,Line,""
cv_842,2F70,,Line,""
cv_843,2F77,,Line,""
cv_844,2F78,,Line,""
cv_845,2F79,,Line,""
cv_846,2F7A,,Line,""
cv_847,2F7B,,Line,""
cv_848,2F82,,Line,""
cv_849,2F88,,Line,""
cv_850,2F89,,Line,""
cv_851,2F8A,,Line,""
cv_852,2F8C,,Line,""
cv_853,2F91,,Line,""
cv_854,2F92,,Line,""
cv_855,2F93,,Line,""
cv_856,2F94,,Line,""
cv_857,2F95,,Line,""
cv_858,2F9C,,Line,""
cv_859,2F9D,,Line,""
cv_860,2F9F,,Line,""
cv_861,2FA3,,Line,""
cv_862,2FA4,,Line,""
cv_863,2FA5,,Line,""
cv_864,2FA6,,Line,""
cv_865,2FA7,,Line,""
cv_866,2FAF,,Line,""
cv_867,2FB0,,Line,""
cv_868,2FB1,,Line,""
cv_869,2FB2,,Line,""
cv_870,2FB9,,Line,""
cv_871,2FBA,,Line,""
cv_872,2FBB,,Line,""
cv_873,2FBC,,Line,""
cv_874,2FBE,,Line,""
cv_875,2FC5,,Line,""
cv_876,2FC6,,Line,""
cv_877,2FC7,,Line,""
cv_878,2FC9,,Line,""
cv_879,2FCF,,Line,""
cv_880,2FD0,,Line,""
cv_881,2FD1,,Line,""
cv_882,2FD8,,Line,""
cv_883,2FD9,,Line,""
cv_884,2FDA,,Line,""
cv_885,2FDB,,Line,""
cv_886,2FE2,,Line,""
cv_887,2FE3,,Line,""
cv_888,2FE4,,Line,""
cv_889,2FEB,,Line,""
cv_890,2FEC,,Line,""
cv_891,2FED,,Line,""
cv_892,2FF4,,Line,""
cv_893,2FF5,,Line,""
cv_894,2FF6,,Line,""
cv_895,2FFD,,Line,""
cv_896,2FFE,,Line,""
cv_897,2FFF,,Line,""
cv_898,3006,,Line,""
cv_899,3007,,Line,""
cv_900,3008,,Line,""
cv_901,3009,,Line,""
cv_902,300A,,Line,""
cv_903,3012,,Line,""
cv_904,3013,,Line,""
cv_905,3014,,Line,""
cv_906,3015,,Line,""
cv_907,301C,,Line,""
cv_908,301D,,Line,""
cv_909,301E,,Line,""
cv_910,3020,,Line,""
cv_911,3025,,Line,""
cv_912,3026,,Line,""
cv_913,3027,,Line,""
cv_914,3029,,Line,""
cv_915,25F1,,Line,""
cv_916,25F2,,Line,""
cv_917,25F4,,Line,""
cv_918,2A23,,Line,""
cv_919,2A5B,,Line,""
cv_920,2ADB,,Line,""
cv_921,2ADC,,Line,""
cv_923,2ADD,,Arc,""
cv_924,2AE9,,Arc,""
cv_925,2AF3,,Arc,""
cv_926,7B0,,Circle,""
cv_927,7B3,,Circle,""
cv_929,2E2B,,MText,""
cv_930,2E31,,MText,""
cv_931,2E3B,,MText,""
cv_932,2E5C,,MText,""
cv_933,2E9C,,MText,""
cv_934,2EFF,,MText,""
cv_935,2F2B,,MText,""
cv_936,2F34,,MText,""
cv_937,2F3D,,MText,""
cv_938,2F46,,MText,""
cv_939,2F4F,,MText,""
cv_940,2F56,,MText,""
cv_941,2F5F,,MText,""
cv_942,2F68,,MText,""
cv_943,2F85,,MText,""
cv_944,2F8B,,MText,""
cv_945,301F,,MText,""
cv_946,3028,,MText,""
cv_947,2E2B,,MText,""
cv_948,2E31,,MText,""
cv_949,2E3B,,MText,""
cv_950,2E3B,,MText,""
cv_951,2E3B,,MText,""
cv_952,2E5C,,MText,""
cv_953,2E9C,,MText,""
cv_954,2EFF,,MText,""
cv_955,2F2B,,MText,""
cv_956,2F34,,MText,""
cv_957,2F3D,,MText,""
cv_958,2F46,,MText,""
cv_959,2F46,,MText,""
cv_960,2F4F,,MText,""
cv_961,2F56,,MText,""
cv_962,2F56,,MText,""
cv_963,2F56,,MText,""
cv_964,2F56,,MText,""
cv_965,2F56,,MText,""
cv_966,2F56,,MText,""
cv_967,2F56,,MText,""
cv_968,2F56,,MText,""
cv_969,2F56,,MText,""
cv_970,2F56,,MText,""
cv_971,2F56,,MText,""
cv_972,2F56,,MText,""
cv_973,2F56,,MText,""
cv_974,2F56,,MText,""
cv_975,2F56,,MText,""
cv_976,2F56,,MText,""
cv_977,2F56,,MText,""
cv_978,2F56,,MText,""
cv_979,2F5F,,MText,""
cv_980,2F5F,,MText,""
cv_981,2F68,,MText,""
cv_982,2F68,,MText,""
cv_983,2F68,,MText,""
cv_984,2F68,,MText,""
cv_985,2F68,,MText,""
cv_986,2F68,,MText,""
cv_987,2F68,,MText,""
cv_988,2F68,,MText,""
cv_989,2F68,,MText,""
cv_990,2F68,,MText,""
cv_991,2F68,,MText,""
cv_992,2F68,,MText,""
cv_993,2F68,,MText,""
cv_994,2F68,,MText,""
cv_995,2F68,,MText,""
cv_996,2F68,,MText,""
cv_997,2F68,,MText,""
cv_998,2F68,,MText,""
cv_999,2F68,,MText,""
cv_1000,2F68,,MText,""
cv_1001,2F68,,MText,""
cv_1002,2F68,,MText,""
cv_1003,2F68,,MText,""
cv_1004,2F68,,MText,""
cv_1005,2F68,,MText,""
cv_1006,2F68,,MText,""
cv_1007,2F68,,MText,""
cv_1008,2F68,,MText,""
cv_1009,2F68,,MText,""
cv_1010,2F68,,MText,""
cv_1011,2F68,,MText,""
cv_1012,2F68,,MText,""
cv_1013,2F68,,MText,""
cv_1014,2F68,,MText,""
cv_1015,2F68,,MText,""
cv_1016,2F68,,MText,""
cv_1017,2F68,,MText,""
cv_1018,2F68,,MText,""
cv_1019,2F68,,MText,""
cv_1020,2F68,,MText,""
cv_1021,2F68,,MText,""
cv_1022,2F68,,MText,""
cv_1023,2F85,,MText,""
cv_1024,2F8B,,MText,""
cv_1025,301F,,MText,""
cv_1026,3028,,MText,""
cv_1027,3028,,MText,""
cv_1028,2E5C,,MText,""
cv_1029,2E5C,,MText,""
cv_1030,2E5C,,MText,""
cv_1031,2F2B,,MText,""
cv_1032,2F2B,,MText,""
cv_1033,2F2B,,MText,""
cv_1034,2F46,,MText,""
cv_1035,2F46,,MText,""
cv_1036,2F46,,MText,""
cv_1037,2E5C,,MText,""
cv_1038,2E5C,,MText,""
cv_1039,2F2B,,MText,""
cv_1040,2F2B,,MText,""
cv_1041,2F46,,MText,""
cv_1042,2F46,,MText,""
cv_1043,2E0B,,MText,""
cv_1044,2E16,,MText,""
cv_1045,2E4D,,MText,""
cv_1046,2E65,,MText,""
cv_1047,2E6E,,MText,""
cv_1048,2E77,,MText,""
cv_1049,2E80,,MText,""
cv_1050,2E91,,MText,""
cv_1051,2EA5,,MText,""
cv_1052,2EAD,,MText,""
cv_1053,2EB9,,MText,""
cv_1054,2EC1,,MText,""
cv_1055,2ECD,,MText,""
cv_1056,2ED6,,MText,""
cv_1057,2EE1,,MText,""
cv_1058,2EEA,,MText,""
cv_1059,2EF5,,MText,""
cv_1060,2F73,,MText,""
cv_1061,2F98,,MText,""
cv_1062,2FD4,,MText,""
cv_1063,2FDC,,MText,""
cv_1064,2FE7,,MText,""
cv_1065,2FF9,,MText,""
cv_1066,3002,,MText,""
cv_1067,2E24,,MText,""
cv_1068,2E44,,MText,""
cv_1069,2E52,,MText,""
cv_1070,2E89,,MText,""
cv_1071,2F05,,MText,""
cv_1072,2F0C,,MText,""
cv_1073,2F13,,MText,""
cv_1074,2F1A,,MText,""
cv_1075,2F21,,MText,""
cv_1076,2F7E,,MText,""
cv_1077,2F9E,,MText,""
cv_1078,2FAA,,MText,""
cv_1079,2FB5,,MText,""
cv_1080,2FBD,,MText,""
cv_1081,2FC8,,MText,""
cv_1082,2FF0,,MText,""
cv_1083,300D,,MText,""
cv_1084,3018,,MText,""
cv_1088,210B,2FA9,2dPolyline,"GENDOT_4"
cv_1089,210A,2FA9,Line,"GENDOT_4"
cv_1091,210A,2FB3,Line,"GENDOT_5"
cv_1093,210A,2FC0,Line,"GENDOT_6"
cv_1095,210A,2FCA,Line,"GENDOT_7"
cv_1097,210A,300C,Line,"GENDOT_8"
cv_1099,210A,3016,Line,"GENDOT_9"
cv_1101,7D8,,Text,""
cv_1102,7D8,,Text,""
cv_1103,7D8,,Text,""
cv_1104,7D8,,Text,""
cv_1105,7DB,,Line,""
cv_1106,2A1F,,Text,""
cv_1107,2A1F,,Text,""
cv_1108,2A1F,,Text,""
cv_1109,2A1F,,Text,""
cv_1110,7DF,,Text,""
cv_1111,1BF4,,Text,""
cv_1112,1C64,,Text,""
cv_1113,1C7A,,Text,""
cv_1117,249,252,Line,"GEFROG4_10"
cv_1118,24B,252,Line,"GEFROG4_10"
cv_1119,24D,252,Line,"GEFROG4_10"
cv_1120,253,252,Attribute,"GEFROG4_10"
cv_1122,CC5,CCB,Line,"GEFROG5_11"
cv_1123,CC6,CCB,Line,"GEFROG5_11"
cv_1124,CC8,CCB,Line,"GEFROG5_11"
cv_1125,CCD,CCB,Attribute,"GEFROG5_11"
cv_1127,249,160C,Line,"GEFROG4_12"
cv_1128,24B,160C,Line,"GEFROG4_12"
cv_1129,24D,160C,Line,"GEFROG4_12"
cv_1130,160D,160C,Attribute,"GEFROG4_12"
cv_1132,CC5,1619,Line,"GEFROG5_13"
cv_1133,CC6,1619,Line,"GEFROG5_13"
cv_1134,CC8,1619,Line,"GEFROG5_13"
cv_1135,161B,1619,Attribute,"GEFROG5_13"
cv_1137,249,17A3,Line,"GEFROG4_14"
cv_1138,24B,17A3,Line,"GEFROG4_14"
cv_1139,24D,17A3,Line,"GEFROG4_14"
cv_1140,17A4,17A3,Attribute,"GEFROG4_14"
cv_1142,249,17E4,Line,"GEFROG4_15"
cv_1143,24B,17E4,Line,"GEFROG4_15"
cv_1144,24D,17E4,Line,"GEFROG4_15"
cv_1145,17E5,17E4,Attribute,"GEFROG4_15"
cv_1147,1BD9,1BE4,2dPolyline,"GEFTOREF_16"
cv_1148,1BDD,1BE4,2dPolyline,"GEFTOREF_16"
cv_1149,1BD6,1BE4,Line,"GEFTOREF_16"
cv_1150,1BD8,1BE4,Circle,"GEFTOREF_16"
cv_1151,1BE5,1BE4,Attribute,"GEFTOREF_16"
cv_1153,CC5,1BFD,Line,"GEFROG5_17"
cv_1154,CC6,1BFD,Line,"GEFROG5_17"
cv_1155,CC8,1BFD,Line,"GEFROG5_17"
cv_1156,1BFF,1BFD,Attribute,"GEFROG5_17"
cv_1158,CC5,1C6B,Line,"GEFROG5_18"
cv_1159,CC6,1C6B,Line,"GEFROG5_18"
cv_1160,CC8,1C6B,Line,"GEFROG5_18"
cv_1161,1C6D,1C6B,Attribute,"GEFROG5_18"
cv_1163,CC5,1C83,Line,"GEFROG5_19"
cv_1164,CC6,1C83,Line,"GEFROG5_19"
cv_1165,CC8,1C83,Line,"GEFROG5_19"
cv_1166,1C85,1C83,Attribute,"GEFROG5_19"
cv_1168,CC5,1D38,Line,"GEFROG5_20"
cv_1169,CC6,1D38,Line,"GEFROG5_20"
cv_1170,CC8,1D38,Line,"GEFROG5_20"
cv_1171,1D3A,1D38,Attribute,"GEFROG5_20"
cv_1173,249,2AB1,Line,"GEFROG4_21"
cv_1174,24B,2AB1,Line,"GEFROG4_21"
cv_1175,24D,2AB1,Line,"GEFROG4_21"
cv_1176,2AB2,2AB1,Attribute,"GEFROG4_21"
cv_1184,91,BC,Text,"NQ_2D_A1_22"
cv_1185,92,BC,Text,"NQ_2D_A1_22"
cv_1186,96,BC,Text,"NQ_2D_A1_22"
cv_1187,97,BC,Text,"NQ_2D_A1_22"
cv_1188,9B,BC,Text,"NQ_2D_A1_22"
cv_1189,A0,BC,Text,"NQ_2D_A1_22"
cv_1190,A1,BC,Text,"NQ_2D_A1_22"
cv_1191,A2,BC,Text,"NQ_2D_A1_22"
cv_1192,A3,BC,Text,"NQ_2D_A1_22"
cv_1193,A6,BC,Text,"NQ_2D_A1_22"
cv_1194,A9,BC,Text,"NQ_2D_A1_22"
cv_1195,AA,BC,Text,"NQ_2D_A1_22"
cv_1196,AD,BC,Text,"NQ_2D_A1_22"
cv_1197,B1,BC,Text,"NQ_2D_A1_22"
cv_1198,B2,BC,Text,"NQ_2D_A1_22"
cv_1199,B3,BC,Text,"NQ_2D_A1_22"
cv_1200,38,BC,Line,"NQ_2D_A1_22"
cv_1201,39,BC,Line,"NQ_2D_A1_22"
cv_1202,3A,BC,Line,"NQ_2D_A1_22"
cv_1203,3C,BC,Line,"NQ_2D_A1_22"
cv_1204,3D,BC,Line,"NQ_2D_A1_22"
cv_1205,8D,BC,Line,"NQ_2D_A1_22"
cv_1206,91,BC,Text,"NQ_2D_A1_22"
cv_1207,91,BC,Text,"NQ_2D_A1_22"
cv_1208,91,BC,Text,"NQ_2D_A1_22"
cv_1209,91,BC,Text,"NQ_2D_A1_22"
cv_1210,91,BC,Text,"NQ_2D_A1_22"
cv_1211,92,BC,Text,"NQ_2D_A1_22"
cv_1212,92,BC,Text,"NQ_2D_A1_22"
cv_1213,92,BC,Text,"NQ_2D_A1_22"
cv_1214,92,BC,Text,"NQ_2D_A1_22"
cv_1215,96,BC,Text,"NQ_2D_A1_22"
cv_1216,97,BC,Text,"NQ_2D_A1_22"
cv_1217,98,BC,Line,"NQ_2D_A1_22"
cv_1218,99,BC,Line,"NQ_2D_A1_22"
cv_1219,9C,BC,Line,"NQ_2D_A1_22"
cv_1220,9E,BC,Line,"NQ_2D_A1_22"
cv_1221,A0,BC,Text,"NQ_2D_A1_22"
cv_1222,A1,BC,Text,"NQ_2D_A1_22"
cv_1223,A2,BC,Text,"NQ_2D_A1_22"
cv_1224,A2,BC,Text,"NQ_2D_A1_22"
cv_1225,A2,BC,Text,"NQ_2D_A1_22"
cv_1226,A2,BC,Text,"NQ_2D_A1_22"
cv_1227,A2,BC,Text,"NQ_2D_A1_22"
cv_1228,A3,BC,Text,"NQ_2D_A1_22"
cv_1229,A3,BC,Text,"NQ_2D_A1_22"
cv_1230,A3,BC,Text,"NQ_2D_A1_22"
cv_1231,A3,BC,Text,"NQ_2D_A1_22"
cv_1232,A3,BC,Text,"NQ_2D_A1_22"
cv_1233,A3,BC,Text,"NQ_2D_A1_22"
cv_1234,A3,BC,Text,"NQ_2D_A1_22"
cv_1235,A4,BC,Line,"NQ_2D_A1_22"
cv_1236,A6,BC,Text,"NQ_2D_A1_22"
cv_1237,A6,BC,Text,"NQ_2D_A1_22"
cv_1238,A7,BC,Line,"NQ_2D_A1_22"
cv_1239,A9,BC,Text,"NQ_2D_A1_22"
cv_1240,AB,BC,Line,"NQ_2D_A1_22"
cv_1241,AE,BC,Line,"NQ_2D_A1_22"
cv_1242,B2,BC,Text,"NQ_2D_A1_22"
cv_1243,B2,BC,Text,"NQ_2D_A1_22"
cv_1244,71,BC,Text,"NQ_2D_A1_22"
cv_1246,198,218,Text,"NQ_2D_TITLE_23"
cv_1247,199,218,Text,"NQ_2D_TITLE_23"
cv_1248,19A,218,Text,"NQ_2D_TITLE_23"
cv_1249,19B,218,Text,"NQ_2D_TITLE_23"
cv_1250,19C,218,Text,"NQ_2D_TITLE_23"
cv_1251,19D,218,Text,"NQ_2D_TITLE_23"
cv_1252,19E,218,Text,"NQ_2D_TITLE_23"
cv_1253,19F,218,Text,"NQ_2D_TITLE_23"
cv_1254,1A0,218,Text,"NQ_2D_TITLE_23"
cv_1255,1A1,218,Text,"NQ_2D_TITLE_23"
cv_1256,1A2,218,Text,"NQ_2D_TITLE_23"
cv_1257,1A3,218,Text,"NQ_2D_TITLE_23"
cv_1258,1A4,218,Text,"NQ_2D_TITLE_23"
cv_1259,1A5,218,Text,"NQ_2D_TITLE_23"
cv_1260,1A6,218,Text,"NQ_2D_TITLE_23"
cv_1261,1AE,218,Text,"NQ_2D_TITLE_23"
cv_1262,1B5,218,Text,"NQ_2D_TITLE_23"
cv_1263,1BF,218,Text,"NQ_2D_TITLE_23"
cv_1264,1C1,218,Text,"NQ_2D_TITLE_23"
cv_1265,189,218,Line,"NQ_2D_TITLE_23"
cv_1266,18A,218,Line,"NQ_2D_TITLE_23"
cv_1267,18B,218,Line,"NQ_2D_TITLE_23"
cv_1268,18C,218,Line,"NQ_2D_TITLE_23"
cv_1269,18D,218,Line,"NQ_2D_TITLE_23"
cv_1270,18E,218,Line,"NQ_2D_TITLE_23"
cv_1271,18F,218,Line,"NQ_2D_TITLE_23"
cv_1272,190,218,Line,"NQ_2D_TITLE_23"
cv_1273,198,218,Text,"NQ_2D_TITLE_23"
cv_1274,198,218,Text,"NQ_2D_TITLE_23"
cv_1275,198,218,Text,"NQ_2D_TITLE_23"
cv_1276,198,218,Text,"NQ_2D_TITLE_23"
cv_1277,199,218,Text,"NQ_2D_TITLE_23"
cv_1278,199,218,Text,"NQ_2D_TITLE_23"
cv_1279,199,218,Text,"NQ_2D_TITLE_23"
cv_1280,199,218,Text,"NQ_2D_TITLE_23"
cv_1281,199,218,Text,"NQ_2D_TITLE_23"
cv_1282,199,218,Text,"NQ_2D_TITLE_23"
cv_1283,19A,218,Text,"NQ_2D_TITLE_23"
cv_1284,19B,218,Text,"NQ_2D_TITLE_23"
cv_1285,19C,218,Text,"NQ_2D_TITLE_23"
cv_1286,19C,218,Text,"NQ_2D_TITLE_23"
cv_1287,19C,218,Text,"NQ_2D_TITLE_23"
cv_1288,19C,218,Text,"NQ_2D_TITLE_23"
cv_1289,19E,218,Text,"NQ_2D_TITLE_23"
cv_1290,19E,218,Text,"NQ_2D_TITLE_23"
cv_1291,19F,218,Text,"NQ_2D_TITLE_23"
cv_1292,19F,218,Text,"NQ_2D_TITLE_23"
cv_1293,19F,218,Text,"NQ_2D_TITLE_23"
cv_1294,1A0,218,Text,"NQ_2D_TITLE_23"
cv_1295,1A0,218,Text,"NQ_2D_TITLE_23"
cv_1296,1A0,218,Text,"NQ_2D_TITLE_23"
cv_1297,1A0,218,Text,"NQ_2D_TITLE_23"
cv_1298,1A0,218,Text,"NQ_2D_TITLE_23"
cv_1299,1A1,218,Text,"NQ_2D_TITLE_23"
cv_1300,1A1,218,Text,"NQ_2D_TITLE_23"
cv_1301,1A1,218,Text,"NQ_2D_TITLE_23"
cv_1302,1A1,218,Text,"NQ_2D_TITLE_23"
cv_1303,1A1,218,Text,"NQ_2D_TITLE_23"
cv_1304,1A1,218,Text,"NQ_2D_TITLE_23"
cv_1305,1A1,218,Text,"NQ_2D_TITLE_23"
cv_1306,1A1,218,Text,"NQ_2D_TITLE_23"
cv_1307,1A2,218,Text,"NQ_2D_TITLE_23"
cv_1308,1A2,218,Text,"NQ_2D_TITLE_23"
cv_1309,1A3,218,Text,"NQ_2D_TITLE_23"
cv_1310,1A3,218,Text,"NQ_2D_TITLE_23"
cv_1311,1A3,218,Text,"NQ_2D_TITLE_23"
cv_1312,1A3,218,Text,"NQ_2D_TITLE_23"
cv_1313,1A3,218,Text,"NQ_2D_TITLE_23"
cv_1314,1A3,218,Text,"NQ_2D_TITLE_23"
cv_1315,1A3,218,Text,"NQ_2D_TITLE_23"
cv_1316,1A3,218,Text,"NQ_2D_TITLE_23"
cv_1317,1A4,218,Text,"NQ_2D_TITLE_23"
cv_1318,1A5,218,Text,"NQ_2D_TITLE_23"
cv_1319,1A5,218,Text,"NQ_2D_TITLE_23"
cv_1320,1A5,218,Text,"NQ_2D_TITLE_23"
cv_1321,1A5,218,Text,"NQ_2D_TITLE_23"
cv_1322,1A5,218,Text,"NQ_2D_TITLE_23"
cv_1323,1A5,218,Text,"NQ_2D_TITLE_23"
cv_1324,1AA,218,Line,"NQ_2D_TITLE_23"
cv_1325,1AD,218,Line,"NQ_2D_TITLE_23"
cv_1326,1AE,218,Text,"NQ_2D_TITLE_23"
cv_1327,1B0,218,Line,"NQ_2D_TITLE_23"
cv_1328,1B1,218,Line,"NQ_2D_TITLE_23"
cv_1329,1B2,218,Line,"NQ_2D_TITLE_23"
cv_1330,1B3,218,Line,"NQ_2D_TITLE_23"
cv_1331,1B4,218,Line,"NQ_2D_TITLE_23"
cv_1332,1B5,218,Text,"NQ_2D_TITLE_23"
cv_1333,1B5,218,Text,"NQ_2D_TITLE_23"
cv_1334,1B5,218,Text,"NQ_2D_TITLE_23"
cv_1335,1B5,218,Text,"NQ_2D_TITLE_23"
cv_1336,1B5,218,Text,"NQ_2D_TITLE_23"
cv_1337,1B5,218,Text,"NQ_2D_TITLE_23"
cv_1338,1B5,218,Text,"NQ_2D_TITLE_23"
cv_1339,1B5,218,Text,"NQ_2D_TITLE_23"
cv_1340,1BB,218,Line,"NQ_2D_TITLE_23"
cv_1341,1BC,218,Line,"NQ_2D_TITLE_23"
cv_1342,1BD,218,Line,"NQ_2D_TITLE_23"
cv_1343,1BE,218,Line,"NQ_2D_TITLE_23"
cv_1344,1BF,218,Text,"NQ_2D_TITLE_23"
cv_1345,1C0,218,Line,"NQ_2D_TITLE_23"
cv_1346,1C1,218,Text,"NQ_2D_TITLE_23"
cv_1347,1C1,218,Text,"NQ_2D_TITLE_23"
cv_1348,1C1,218,Text,"NQ_2D_TITLE_23"
cv_1349,1C1,218,Text,"NQ_2D_TITLE_23"
cv_1350,1C1,218,Text,"NQ_2D_TITLE_23"
cv_1351,1C1,218,Text,"NQ_2D_TITLE_23"
cv_1352,1C1,218,Text,"NQ_2D_TITLE_23"
cv_1353,1C7,218,Line,"NQ_2D_TITLE_23"
cv_1355,41,BC,Line,"NQ_2D_A1_24"
cv_1356,42,BC,Line,"NQ_2D_A1_24"
cv_1357,43,BC,Line,"NQ_2D_A1_24"
cv_1358,44,BC,Line,"NQ_2D_A1_24"
cv_1359,45,BC,Line,"NQ_2D_A1_24"
cv_1360,46,BC,Line,"NQ_2D_A1_24"
cv_1361,47,BC,Line,"NQ_2D_A1_24"
cv_1362,48,BC,Line,"NQ_2D_A1_24"
cv_1363,49,BC,Line,"NQ_2D_A1_24"
cv_1364,4A,BC,Line,"NQ_2D_A1_24"
cv_1365,4B,BC,Line,"NQ_2D_A1_24"
cv_1366,4C,BC,Line,"NQ_2D_A1_24"
cv_1367,4D,BC,Line,"NQ_2D_A1_24"
cv_1368,4E,BC,Line,"NQ_2D_A1_24"
cv_1369,4F,BC,Line,"NQ_2D_A1_24"
cv_1370,50,BC,Line,"NQ_2D_A1_24"
cv_1371,58,BC,Line,"NQ_2D_A1_24"
cv_1372,5B,BC,Line,"NQ_2D_A1_24"
cv_1373,5C,BC,Line,"NQ_2D_A1_24"
cv_1374,5F,BC,Line,"NQ_2D_A1_24"
cv_1375,61,BC,Line,"NQ_2D_A1_24"
cv_1376,63,BC,Line,"NQ_2D_A1_24"
cv_1377,72,BC,Line,"NQ_2D_A1_24"
cv_1378,75,BC,Line,"NQ_2D_A1_24"
cv_1379,76,BC,Line,"NQ_2D_A1_24"
cv_1380,78,BC,Line,"NQ_2D_A1_24"
cv_1381,7A,BC,Line,"NQ_2D_A1_24"
cv_1382,7D,BC,Line,"NQ_2D_A1_24"
cv_1383,7F,BC,Line,"NQ_2D_A1_24"
cv_1384,81,BC,Line,"NQ_2D_A1_24"
cv_1385,83,BC,Line,"NQ_2D_A1_24"
cv_1386,85,BC,Line,"NQ_2D_A1_24"
cv_1387,8E,BC,Line,"NQ_2D_A1_24"
cv_1388,90,BC,Line,"NQ_2D_A1_24"
cv_1389,93,BC,Line,"NQ_2D_A1_24"
cv_1390,94,BC,Line,"NQ_2D_A1_24"
cv_1391,95,BC,Line,"NQ_2D_A1_24"
cv_1392,9A,BC,Line,"NQ_2D_A1_24"
cv_1393,B0,BC,Line,"NQ_2D_A1_24"
cv_1395,219,218,Attribute,"NQ_2D_TITLE_25"
cv_1396,21A,218,Attribute,"NQ_2D_TITLE_25"
cv_1397,21B,218,Attribute,"NQ_2D_TITLE_25"
cv_1398,21C,218,Attribute,"NQ_2D_TITLE_25"
cv_1399,21B,218,Attribute,"NQ_2D_TITLE_25"
cv_1400,21B,218,Attribute,"NQ_2D_TITLE_25"
cv_1401,21B,218,Attribute,"NQ_2D_TITLE_25"
cv_1402,21B,218,Attribute,"NQ_2D_TITLE_25"
cv_1403,21B,218,Attribute,"NQ_2D_TITLE_25"
cv_1404,21B,218,Attribute,"NQ_2D_TITLE_25"
cv_1405,21B,218,Attribute,"NQ_2D_TITLE_25"
cv_1406,21B,218,Attribute,"NQ_2D_TITLE_25"
cv_1407,21B,218,Attribute,"NQ_2D_TITLE_25"
cv_1408,21B,218,Attribute,"NQ_2D_TITLE_25"
cv_1409,21B,218,Attribute,"NQ_2D_TITLE_25"
cv_1410,21B,218,Attribute,"NQ_2D_TITLE_25"
cv_1411,21B,218,Attribute,"NQ_2D_TITLE_25"
cv_1412,21B,218,Attribute,"NQ_2D_TITLE_25"
cv_1413,21B,218,Attribute,"NQ_2D_TITLE_25"
cv_1414,21B,218,Attribute,"NQ_2D_TITLE_25"
cv_1415,21B,218,Attribute,"NQ_2D_TITLE_25"
cv_1416,21B,218,Attribute,"NQ_2D_TITLE_25"
cv_1417,21B,218,Attribute,"NQ_2D_TITLE_25"
cv_1418,21B,218,Attribute,"NQ_2D_TITLE_25"
cv_1419,21B,218,Attribute,"NQ_2D_TITLE_25"
cv_1420,21B,218,Attribute,"NQ_2D_TITLE_25"
cv_1421,21B,218,Attribute,"NQ_2D_TITLE_25"
cv_1422,21B,218,Attribute,"NQ_2D_TITLE_25"
cv_1423,21C,218,Attribute,"NQ_2D_TITLE_25"
cv_1424,21C,218,Attribute,"NQ_2D_TITLE_25"
cv_1425,21C,218,Attribute,"NQ_2D_TITLE_25"
cv_1426,21C,218,Attribute,"NQ_2D_TITLE_25"
cv_1427,21C,218,Attribute,"NQ_2D_TITLE_25"
cv_1428,21C,218,Attribute,"NQ_2D_TITLE_25"
cv_1429,21C,218,Attribute,"NQ_2D_TITLE_25"
cv_1430,21C,218,Attribute,"NQ_2D_TITLE_25"
cv_1431,21C,218,Attribute,"NQ_2D_TITLE_25"
cv_1432,21C,218,Attribute,"NQ_2D_TITLE_25"
cv_1433,21C,218,Attribute,"NQ_2D_TITLE_25"
cv_1434,21C,218,Attribute,"NQ_2D_TITLE_25"
cv_1435,21C,218,Attribute,"NQ_2D_TITLE_25"
cv_1436,21C,218,Attribute,"NQ_2D_TITLE_25"
cv_1437,21C,218,Attribute,"NQ_2D_TITLE_25"
cv_1438,21C,218,Attribute,"NQ_2D_TITLE_25"
cv_1439,21C,218,Attribute,"NQ_2D_TITLE_25"
cv_1440,21C,218,Attribute,"NQ_2D_TITLE_25"
cv_1441,21C,218,Attribute,"NQ_2D_TITLE_25"
cv_1442,21C,218,Attribute,"NQ_2D_TITLE_25"
cv_1443,21C,218,Attribute,"NQ_2D_TITLE_25"
cv_1444,21C,218,Attribute,"NQ_2D_TITLE_25"
cv_1445,21C,218,Attribute,"NQ_2D_TITLE_25"
cv_1446,21C,218,Attribute,"NQ_2D_TITLE_25"
cv_1447,21C,218,Attribute,"NQ_2D_TITLE_25"
cv_1448,21C,218,Attribute,"NQ_2D_TITLE_25"
cv_1449,21C,218,Attribute,"NQ_2D_TITLE_25"
cv_1450,21C,218,Attribute,"NQ_2D_TITLE_25"
cv_1451,21C,218,Attribute,"NQ_2D_TITLE_25"
cv_1452,21C,218,Attribute,"NQ_2D_TITLE_25"
cv_1453,21C,218,Attribute,"NQ_2D_TITLE_25"
cv_1454,21C,218,Attribute,"NQ_2D_TITLE_25"
cv_1455,21C,218,Attribute,"NQ_2D_TITLE_25"
cv_1456,21C,218,Attribute,"NQ_2D_TITLE_25"
cv_1457,21C,218,Attribute,"NQ_2D_TITLE_25"
cv_1458,21C,218,Attribute,"NQ_2D_TITLE_25"
cv_1459,21C,218,Attribute,"NQ_2D_TITLE_25"
cv_1460,21C,218,Attribute,"NQ_2D_TITLE_25"
cv_1461,21C,218,Attribute,"NQ_2D_TITLE_25"
cv_1462,21C,218,Attribute,"NQ_2D_TITLE_25"
cv_1463,21C,218,Attribute,"NQ_2D_TITLE_25"
cv_1464,21C,218,Attribute,"NQ_2D_TITLE_25"
cv_1465,21C,218,Attribute,"NQ_2D_TITLE_25"
cv_1466,21C,218,Attribute,"NQ_2D_TITLE_25"
cv_1467,21C,218,Attribute,"NQ_2D_TITLE_25"
cv_1468,21C,218,Attribute,"NQ_2D_TITLE_25"
cv_1469,21C,218,Attribute,"NQ_2D_TITLE_25"
cv_1470,21C,218,Attribute,"NQ_2D_TITLE_25"
cv_1472,1A7,218,Line,"NQ_2D_TITLE_26"
cv_1473,1A8,218,Line,"NQ_2D_TITLE_26"
cv_1474,1A9,218,Line,"NQ_2D_TITLE_26"
cv_1475,1AB,218,Line,"NQ_2D_TITLE_26"
cv_1476,1AC,218,Line,"NQ_2D_TITLE_26"
cv_1477,1AF,218,Line,"NQ_2D_TITLE_26"
cv_1478,1B6,218,Line,"NQ_2D_TITLE_26"
cv_1479,1B7,218,Line,"NQ_2D_TITLE_26"
cv_1480,1B8,218,Line,"NQ_2D_TITLE_26"
cv_1481,1B9,218,Line,"NQ_2D_TITLE_26"
cv_1482,1BA,218,Line,"NQ_2D_TITLE_26"
cv_1484,49C,49B,Line,"_2A_X8_27"
cv_1485,49D,49B,Line,"_2A_X8_27"
cv_1486,49E,49B,Line,"_2A_X8_27"
cv_1487,49F,49B,Line,"_2A_X8_27"
cv_1488,4A0,49B,Line,"_2A_X8_27"
cv_1489,4A1,49B,Line,"_2A_X8_27"
cv_1490,4A2,49B,Line,"_2A_X8_27"
cv_1491,4A3,49B,Line,"_2A_X8_27"
cv_1492,4A4,49B,Line,"_2A_X8_27"
cv_1493,4A5,49B,Line,"_2A_X8_27"
cv_1494,4A6,49B,Line,"_2A_X8_27"
cv_1495,4A7,49B,Line,"_2A_X8_27"
cv_1496,4A8,49B,Line,"_2A_X8_27"
cv_1497,4A9,49B,Line,"_2A_X8_27"
cv_1498,4AA,49B,Line,"_2A_X8_27"
cv_1499,4AB,49B,Line,"_2A_X8_27"
cv_1500,4AC,49B,Line,"_2A_X8_27"
cv_1501,4AD,49B,Line,"_2A_X8_27"
cv_1503,5A3,5A2,Line,"_2A_X9_28"
cv_1504,5A4,5A2,Line,"_2A_X9_28"
cv_1505,5A5,5A2,Line,"_2A_X9_28"
cv_1506,5A6,5A2,Line,"_2A_X9_28"
cv_1507,5A7,5A2,Line,"_2A_X9_28"
cv_1508,5A8,5A2,Line,"_2A_X9_28"
cv_1509,5A9,5A2,Line,"_2A_X9_28"
cv_1510,5AA,5A2,Line,"_2A_X9_28"
cv_1511,5AB,5A2,Line,"_2A_X9_28"
cv_1512,5AC,5A2,Line,"_2A_X9_28"
cv_1513,5AD,5A2,Line,"_2A_X9_28"
cv_1514,5AE,5A2,Line,"_2A_X9_28"
cv_1515,5AF,5A2,Line,"_2A_X9_28"
cv_1516,5B0,5A2,Line,"_2A_X9_28"
cv_1517,5B1,5A2,Line,"_2A_X9_28"
cv_1519,66F,66E,Line,"_2A_X11_29"
cv_1520,670,66E,Line,"_2A_X11_29"
cv_1522,98A,989,Line,"_2A_X13_30"
cv_1523,98B,989,Line,"_2A_X13_30"
cv_1524,98C,989,Line,"_2A_X13_30"
cv_1525,98D,989,Line,"_2A_X13_30"
cv_1526,98E,989,Line,"_2A_X13_30"
cv_1527,98F,989,Line,"_2A_X13_30"
cv_1528,990,989,Line,"_2A_X13_30"
cv_1529,991,989,Line,"_2A_X13_30"
cv_1530,992,989,Line,"_2A_X13_30"
cv_1531,993,989,Line,"_2A_X13_30"
cv_1532,994,989,Line,"_2A_X13_30"
cv_1534,B9D,B9C,Line,"_2A_X17_31"
cv_1535,B9E,B9C,Line,"_2A_X17_31"
cv_1536,B9F,B9C,Line,"_2A_X17_31"
cv_1537,BA0,B9C,Line,"_2A_X17_31"
cv_1538,BA1,B9C,Line,"_2A_X17_31"
cv_1539,BA2,B9C,Line,"_2A_X17_31"
cv_1540,BA3,B9C,Line,"_2A_X17_31"
cv_1541,BA4,B9C,Line,"_2A_X17_31"
cv_1542,BA5,B9C,Line,"_2A_X17_31"
cv_1544,BB1,BB0,Line,"_2A_X18_32"
cv_1545,BB2,BB0,Line,"_2A_X18_32"
cv_1546,BB3,BB0,Line,"_2A_X18_32"
cv_1547,BB4,BB0,Line,"_2A_X18_32"
cv_1548,BB5,BB0,Line,"_2A_X18_32"
cv_1549,BB6,BB0,Line,"_2A_X18_32"
cv_1550,BB7,BB0,Line,"_2A_X18_32"
cv_1551,BB8,BB0,Line,"_2A_X18_32"
cv_1552,BB9,BB0,Line,"_2A_X18_32"
cv_1554,BC5,BC4,Line,"_2A_X19_33"
cv_1555,BC6,BC4,Line,"_2A_X19_33"
cv_1556,BC7,BC4,Line,"_2A_X19_33"
cv_1557,BC8,BC4,Line,"_2A_X19_33"
cv_1558,BC9,BC4,Line,"_2A_X19_33"
cv_1559,BCA,BC4,Line,"_2A_X19_33"
cv_1560,BCB,BC4,Line,"_2A_X19_33"
cv_1562,BD7,BD6,Line,"_2A_X20_34"
cv_1563,BD8,BD6,Line,"_2A_X20_34"
cv_1564,BD9,BD6,Line,"_2A_X20_34"
cv_1565,BDA,BD6,Line,"_2A_X20_34"
cv_1566,BDB,BD6,Line,"_2A_X20_34"
cv_1567,BDC,BD6,Line,"_2A_X20_34"
cv_1568,BDD,BD6,Line,"_2A_X20_34"
cv_1569,BDE,BD6,Line,"_2A_X20_34"
cv_1571,BEA,BE9,Line,"_2A_X21_35"
cv_1572,BEB,BE9,Line,"_2A_X21_35"
cv_1573,BEC,BE9,Line,"_2A_X21_35"
cv_1574,BED,BE9,Line,"_2A_X21_35"
cv_1575,BEE,BE9,Line,"_2A_X21_35"
cv_1576,BF0,BE9,Line,"_2A_X21_35"
cv_1577,BF1,BE9,Line,"_2A_X21_35"
cv_1578,BF2,BE9,Line,"_2A_X21_35"
cv_1579,BF3,BE9,Line,"_2A_X21_35"
cv_1581,BFF,BFE,Line,"_2A_X22_36"
cv_1582,C00,BFE,Line,"_2A_X22_36"
cv_1583,C01,BFE,Line,"_2A_X22_36"
cv_1584,C02,BFE,Line,"_2A_X22_36"
cv_1585,C03,BFE,Line,"_2A_X22_36"
cv_1586,C04,BFE,Line,"_2A_X22_36"
cv_1587,C05,BFE,Line,"_2A_X22_36"
cv_1589,27B4,27B3,Line,"_2A_X103_37"
cv_1590,27B5,27B3,Line,"_2A_X103_37"
cv_1591,27B6,27B3,Line,"_2A_X103_37"
cv_1592,27B7,27B3,Line,"_2A_X103_37"
cv_1593,27B8,27B3,Line,"_2A_X103_37"
cv_1594,27B9,27B3,Line,"_2A_X103_37"
cv_1595,27BA,27B3,Line,"_2A_X103_37"
cv_1596,27BB,27B3,Line,"_2A_X103_37"
cv_1597,27BC,27B3,Line,"_2A_X103_37"
cv_1598,27BD,27B3,Line,"_2A_X103_37"
cv_1599,27BE,27B3,Line,"_2A_X103_37"
cv_1600,27BF,27B3,Line,"_2A_X103_37"
cv_1601,27C0,27B3,Line,"_2A_X103_37"
cv_1602,27C1,27B3,Line,"_2A_X103_37"
cv_1603,27C2,27B3,Line,"_2A_X103_37"
cv_1604,27C3,27B3,Line,"_2A_X103_37"
cv_1606,2889,2888,Line,"_2A_X104_38"
cv_1607,288A,2888,Line,"_2A_X104_38"
cv_1608,288B,2888,Line,"_2A_X104_38"
cv_1609,288C,2888,Line,"_2A_X104_38"
cv_1610,288D,2888,Line,"_2A_X104_38"
cv_1611,288E,2888,Line,"_2A_X104_38"
cv_1612,288F,2888,Line,"_2A_X104_38"
cv_1613,2890,2888,Line,"_2A_X104_38"
cv_1614,2891,2888,Line,"_2A_X104_38"
cv_1615,2892,2888,Line,"_2A_X104_38"
cv_1616,2893,2888,Line,"_2A_X104_38"
cv_1618,290D,290C,Line,"_2A_X105_39"
cv_1619,290E,290C,Line,"_2A_X105_39"
cv_1620,290F,290C,Line,"_2A_X105_39"
cv_1621,2910,290C,Line,"_2A_X105_39"
cv_1622,2911,290C,Line,"_2A_X105_39"
cv_1623,2912,290C,Line,"_2A_X105_39"
cv_1624,2913,290C,Line,"_2A_X105_39"
cv_1625,2914,290C,Line,"_2A_X105_39"
cv_1626,2915,290C,Line,"_2A_X105_39"
cv_1628,29F7,29F6,Line,"_2A_X106_40"
cv_1629,29F8,29F6,Line,"_2A_X106_40"
cv_1630,29F9,29F6,Line,"_2A_X106_40"
cv_1631,29FA,29F6,Line,"_2A_X106_40"
cv_1632,29FB,29F6,Line,"_2A_X106_40"
cv_1633,29FC,29F6,Line,"_2A_X106_40"
cv_1634,29FD,29F6,Line,"_2A_X106_40"
cv_1635,29FE,29F6,Line,"_2A_X106_40"
cv_1636,29FF,29F6,Line,"_2A_X106_40"
cv_1637,2A00,29F6,Line,"_2A_X106_40"
cv_1638,2A01,29F6,Line,"_2A_X106_40"
